canonical_name,display_name,slug,longitude,latitude,site_type,country_code,short_description,source
Chichen Itza,Chichen Itza,chichen-itza,-88.568611111,20.683055555,archaeological_site,,Archaeological site recorded in Wikidata.,Wikidata
Chinkultic,Chinkultic,chinkultic,-91.785,16.129,archaeological_site,,Archaeological site recorded in Wikidata.,Wikidata
Holtun,Holtun,holtun,-89.42555556,16.97361111,archaeological_site,,Archaeological site recorded in Wikidata.,Wikidata
La Milpa,La Milpa,la-milpa,-88.95,17.78333,archaeological_site,,Archaeological site recorded in Wikidata.,Wikidata
Mundo Perdido,Mundo Perdido,mundo-perdido,-89.62793333,17.22004722,archaeological_site,,Archaeological site recorded in Wikidata.,Wikidata
Nixtun Ch'ich',Nixtun Ch'ich',nixtun-chich,-89.931,16.948,archaeological_site,,Archaeological site recorded in Wikidata.,Wikidata
San Gervasio,San Gervasio,san-gervasio,-86.848297,20.500351,archaeological_site,,Archaeological site recorded in Wikidata.,Wikidata
Balamku,Balamku,balamku,-89.94436111,18.56019444,archaeological_site,,Archaeological site recorded in Wikidata.,Wikidata
Dzibanche,Dzibanche,dzibanche,-88.75902778,18.6375,archaeological_site,,Archaeological site recorded in Wikidata.,Wikidata
Chicanná,Chicanná,chicanná,-89.48633333,18.50691667,archaeological_site,,Archaeological site recorded in Wikidata.,Wikidata
Balankanche,Balankanche,balankanche,-88.535,20.65861111,archaeological_site,,Archaeological site recorded in Wikidata.,Wikidata
Moral Reforma,Moral Reforma,moral-reforma,-91.29816667,17.76908333,archaeological_site,,Archaeological site recorded in Wikidata.,Wikidata
El Meco,El Meco,el-meco,-86.804167028,21.210830526,archaeological_site,,Archaeological site recorded in Wikidata.,Wikidata
Tortuguero,Tortuguero,tortuguero,-92.5681,17.6869,archaeological_site,,Archaeological site recorded in Wikidata.,Wikidata
Plan de Ayutla,Plan de Ayutla,plan-de-ayutla,-91.27994444,16.785,archaeological_site,,Archaeological site recorded in Wikidata.,Wikidata
Xcaret,Xcaret,xcaret,-87.119166666,20.578055555,archaeological_site,,Archaeological site recorded in Wikidata.,Wikidata
Muyil,Muyil,muyil,-87.61388889,20.07888889,archaeological_site,,Archaeological site recorded in Wikidata.,Wikidata
Itzamkanac,Itzamkanac,itzamkanac,-90.83691667,18.12194444,archaeological_site,,Archaeological site recorded in Wikidata.,Wikidata
Mul Chic,Mul Chic,mul-chic,-89.66472222,20.32008333,archaeological_site,,Archaeological site recorded in Wikidata.,Wikidata
Xtampak,Xtampak,xtampak,-89.59869444,19.77188889,archaeological_site,,Archaeological site recorded in Wikidata.,Wikidata
Xkipche,Xkipche,xkipche,-89.82611111,20.29861111,archaeological_site,,Archaeological site recorded in Wikidata.,Wikidata
El Palmar (Maya site),El Palmar (Maya site),el-palmar-maya-site,-89.337222222,18.077777777,archaeological_site,,Archaeological site recorded in Wikidata.,Wikidata
Uxul,Uxul,uxul,-89.98166667,17.85666667,archaeological_site,,Archaeological site recorded in Wikidata.,Wikidata
Kinichna,Kinichna,kinichna,-88.76694,18.65972,archaeological_site,,Archaeological site recorded in Wikidata.,Wikidata
Chakalal,Chakalal,chakalal,-87.23472222,20.49416667,archaeological_site,,Archaeological site recorded in Wikidata.,Wikidata
Jolja',Jolja',jolja,-92.316666666,17.333333333,archaeological_site,,Archaeological site recorded in Wikidata.,Wikidata
Aguada Fénix,Aguada Fénix,aguada-fénix,-91.15,17.8,archaeological_site,,Archaeological site recorded in Wikidata.,Wikidata
Yaxún,Yaxún,yaxún,-90.669583333,16.463,archaeological_site,,Archaeological site recorded in Wikidata.,Wikidata
Chinikihá,Chinikihá,chinikihá,-91.651831,17.4198124,archaeological_site,,Archaeological site recorded in Wikidata.,Wikidata
El Cayo,El Cayo,el-cayo,-91.216712,17.059995,archaeological_site,,Archaeological site recorded in Wikidata.,Wikidata
Nadzca'an,Nadzca'an,nadzcaan,-89.851527777,18.606972222,archaeological_site,,Archaeological site recorded in Wikidata.,Wikidata
Yaxnohcah,Yaxnohcah,yaxnohcah,-89.741277777,17.930222222,archaeological_site,,Archaeological site recorded in Wikidata.,Wikidata
Candzibaantún,Candzibaantún,candzibaantún,-89.711555555,17.851722222,archaeological_site,,Archaeological site recorded in Wikidata.,Wikidata
Limones (Maya site),Limones (Maya site),limones-maya-site,-88.1101284,19.0213607,archaeological_site,,Archaeological site recorded in Wikidata.,Wikidata
Pol Box,Pol Box,pol-box,-88.813611111,18.545555555,archaeological_site,,Archaeological site recorded in Wikidata.,Wikidata
X'baatún,X'baatún,xbaatún,-88.768258419,21.054495713,archaeological_site,,Archaeological site recorded in Wikidata.,Wikidata
El Palma,El Palma,el-palma,-90.744719,16.367212,archaeological_site,,Archaeological site recorded in Wikidata.,Wikidata
Noh Kah,Noh Kah,noh-kah,-88.8078314,18.110281,archaeological_site,,Archaeological site recorded in Wikidata.,Wikidata
Saknatún,Saknatún,saknatún,-91.008194444,16.107555555,archaeological_site,,Archaeological site recorded in Wikidata.,Wikidata
Yamil Lu'um,Yamil Lu'um,yamil-luum,-86.760277777,21.110277777,archaeological_site,,Archaeological site recorded in Wikidata.,Wikidata
Tenam Rosario,Tenam Rosario,tenam-rosario,-91.98024,15.99928,archaeological_site,,Archaeological site recorded in Wikidata.,Wikidata
Xlahpak,Xlahpak,xlahpak,-87.560450847,20.066813917,archaeological_site,,Archaeological site recorded in Wikidata.,Wikidata
Chancalá,Chancalá,chancalá,-91.722738,17.319047,archaeological_site,,Archaeological site recorded in Wikidata.,Wikidata
Ijik Xajlel,Ijik Xajlel,ijik-xajlel,-91.270688,17.112437,archaeological_site,,Archaeological site recorded in Wikidata.,Wikidata
Los Alacranes,Los Alacranes,los-alacranes,-89.209722222,17.982222222,archaeological_site,,Archaeological site recorded in Wikidata.,Wikidata
Itzimté,Itzimté,itzimté,-89.726861111,20.023861111,archaeological_site,,Archaeological site recorded in Wikidata.,Wikidata
Pok Ta Pok,Pok Ta Pok,pok-ta-pok,-86.766472222,21.125388888,archaeological_site,,Archaeological site recorded in Wikidata.,Wikidata
Ichmul de Morley,Ichmul de Morley,ichmul-de-morley,-88.363065,20.844772,archaeological_site,,Archaeological site recorded in Wikidata.,Wikidata
Rancho Ina,Rancho Ina,rancho-ina,-87.138103,20.580437,archaeological_site,,Archaeological site recorded in Wikidata.,Wikidata
Tzemé,Tzemé,tzemé,-90.023372,20.915604,archaeological_site,,Archaeological site recorded in Wikidata.,Wikidata
Chakanbakán,Chakanbakán,chakanbakán,-89.089605,18.452135,archaeological_site,,Archaeological site recorded in Wikidata.,Wikidata
Oxpemul,Oxpemul,oxpemul,-89.778152,18.315644,archaeological_site,,Archaeological site recorded in Wikidata.,Wikidata
Dzibilchaltun,Dzibilchaltun,dzibilchaltun,-89.5903,21.091,archaeological_site,,Archaeological site recorded in Wikidata.,Wikidata
Joya de Cerén,Joya de Cerén,joya-de-cerén,-89.356158333,13.827494444,archaeological_site,,Archaeological site recorded in Wikidata.,Wikidata
Ake,Ake,ake,-89.300277777,20.947222222,archaeological_site,,Archaeological site recorded in Wikidata.,Wikidata
culuba,culuba,culuba,-87.84616667,21.11480556,archaeological_site,,Archaeological site recorded in Wikidata.,Wikidata
Iximche,Iximche,iximche,-90.9962,14.7358,archaeological_site,,Archaeological site recorded in Wikidata.,Wikidata
Calakmul,Calakmul,calakmul,-89.810555555,18.105,archaeological_site,,Archaeological site recorded in Wikidata.,Wikidata
Jaina Island,Jaina Island,jaina-island,-90.484166666,20.208611111,archaeological_site,,Archaeological site recorded in Wikidata.,Wikidata
Quiriguá,Quiriguá,quiriguá,-89.040277777,15.269444444,archaeological_site,,Archaeological site recorded in Wikidata.,Wikidata
Pomoná,Pomoná,pomoná,-91.57025,17.48472222,archaeological_site,,Archaeological site recorded in Wikidata.,Wikidata
Bonampak,Bonampak,bonampak,-91.065,16.704,archaeological_site,,Archaeological site recorded in Wikidata.,Wikidata
El Mirador,El Mirador,el-mirador,-89.920430555,17.75505,archaeological_site,,Archaeological site recorded in Wikidata.,Wikidata
Zaculeu,Zaculeu,zaculeu,-91.492744444,15.333794444,archaeological_site,,Archaeological site recorded in Wikidata.,Wikidata
Tikal,Tikal,tikal,-89.623613888,17.222094444,archaeological_site,,Archaeological site recorded in Wikidata.,Wikidata
Palenque,Palenque,palenque,-92.046388888,17.484166666,archaeological_site,,Archaeological site recorded in Wikidata.,Wikidata
Kabah,Kabah,kabah,-89.647297222,20.248425,archaeological_site,,Archaeological site recorded in Wikidata.,Wikidata
Cotzumalhuapa,Cotzumalhuapa,cotzumalhuapa,-91.01863889,14.38133333,archaeological_site,,Archaeological site recorded in Wikidata.,Wikidata
Acanceh,Acanceh,acanceh,-89.452222222,20.813333333,archaeological_site,,Archaeological site recorded in Wikidata.,Wikidata
Actun Tunichil Muknal,Actun Tunichil Muknal,actun-tunichil-muknal,-88.862352544,17.114128567,archaeological_site,,Archaeological site recorded in Wikidata.,Wikidata
Ixlu,Ixlu,ixlu,-89.68583333,16.97194444,archaeological_site,,Archaeological site recorded in Wikidata.,Wikidata
Mixco Viejo,Mixco Viejo,mixco-viejo,-90.664166666,14.871666666,archaeological_site,,Archaeological site recorded in Wikidata.,Wikidata
Nakum,Nakum,nakum,-89.36,17.18,archaeological_site,,Archaeological site recorded in Wikidata.,Wikidata
Aguateca,Aguateca,aguateca,-90.18833333,16.41194444,archaeological_site,,Archaeological site recorded in Wikidata.,Wikidata
Altun Ha,Altun Ha,altun-ha,-88.347498094,17.76463547,archaeological_site,,Archaeological site recorded in Wikidata.,Wikidata
Lubaantun,Lubaantun,lubaantun,-88.965,16.281111,archaeological_site,,Archaeological site recorded in Wikidata.,Wikidata
El Perú,El Perú,el-perú,-90.380587,17.278341,archaeological_site,,Archaeological site recorded in Wikidata.,Wikidata
Uxbenka,Uxbenka,uxbenka,-89.07833,16.23667,archaeological_site,,Archaeological site recorded in Wikidata.,Wikidata
Mayapan,Mayapan,mayapan,-89.460555555,20.629444444,archaeological_site,,Archaeological site recorded in Wikidata.,Wikidata
Uxmal,Uxmal,uxmal,-89.771388888,20.359444444,archaeological_site,,Archaeological site recorded in Wikidata.,Wikidata
Copán,Copán,copán,-89.142441666,14.837963888,archaeological_site,,Archaeological site recorded in Wikidata.,Wikidata
Acanmul,Acanmul,acanmul,-90.32555556,19.90361111,archaeological_site,,Archaeological site recorded in Wikidata.,Wikidata
Xultun,Xultun,xultun,-89.4,17.5,archaeological_site,,Archaeological site recorded in Wikidata.,Wikidata
Maya Ruins of Tulum,Maya Ruins of Tulum,maya-ruins-of-tulum,-87.428888888,20.214722222,archaeological_site,,Archaeological site recorded in Wikidata.,Wikidata
Yaxchilan,Yaxchilan,yaxchilan,-90.966666666,16.9,archaeological_site,,Archaeological site recorded in Wikidata.,Wikidata
Tazumal,Tazumal,tazumal,-89.674416666,13.979555555,archaeological_site,,Archaeological site recorded in Wikidata.,Wikidata
Bilbao,Bilbao,bilbao,-91.02777778,14.34972222,archaeological_site,,Archaeological site recorded in Wikidata.,Wikidata
Cuello,Cuello,cuello,-88.6,18.06666667,archaeological_site,,Archaeological site recorded in Wikidata.,Wikidata
Dos Pilas,Dos Pilas,dos-pilas,-90.295833333,16.445833333,archaeological_site,,Archaeological site recorded in Wikidata.,Wikidata
Chacchoben,Chacchoben,chacchoben,-88.2325,19.00083333,archaeological_site,,Archaeological site recorded in Wikidata.,Wikidata
Edzna,Edzna,edzna,-90.229083,19.596778,archaeological_site,,Archaeological site recorded in Wikidata.,Wikidata
Kohunlich,Kohunlich,kohunlich,-88.78333333,18.41666667,archaeological_site,,Archaeological site recorded in Wikidata.,Wikidata
Cara Sucia,Cara Sucia,cara-sucia,-90.03583333,13.77916667,archaeological_site,,Archaeological site recorded in Wikidata.,Wikidata
Caracol,Caracol,caracol,-89.117591666,16.763927777,archaeological_site,,Archaeological site recorded in Wikidata.,Wikidata
Toniná,Toniná,toniná,-92.009675,16.901219444,archaeological_site,,Archaeological site recorded in Wikidata.,Wikidata
Cahal Pech,Cahal Pech,cahal-pech,-89.061111111,17.155555555,archaeological_site,,Archaeological site recorded in Wikidata.,Wikidata
Lamanai,Lamanai,lamanai,-88.652457731,17.764318837,archaeological_site,,Archaeological site recorded in Wikidata.,Wikidata
Uaxactún,Uaxactún,uaxactún,-89.634533333,17.393561111,archaeological_site,,Archaeological site recorded in Wikidata.,Wikidata
Ek' Balam,Ek' Balam,ek-balam,-88.13626389,20.89108611,archaeological_site,,Archaeological site recorded in Wikidata.,Wikidata
Cerros,Cerros,cerros,-88.350555555,18.353888888,archaeological_site,,Archaeological site recorded in Wikidata.,Wikidata
Cerros,Cerros,cerros,-88.35202778,18.35833056,archaeological_site,,Archaeological site recorded in Wikidata.,Wikidata
Chacmultun,Chacmultun,chacmultun,-89.34494444,20.17266667,archaeological_site,,Archaeological site recorded in Wikidata.,Wikidata
Kaminaljuyu,Kaminaljuyu,kaminaljuyu,-90.5491,14.6328,archaeological_site,,Archaeological site recorded in Wikidata.,Wikidata
Nim Li Punit,Nim Li Punit,nim-li-punit,-88.8,16.316666666,archaeological_site,,Archaeological site recorded in Wikidata.,Wikidata
Becan,Becan,becan,-89.466666666,18.516666666,archaeological_site,,Archaeological site recorded in Wikidata.,Wikidata
Cival,Cival,cival,-89.259166666,17.3675,archaeological_site,,Archaeological site recorded in Wikidata.,Wikidata
Coba,Coba,coba,-87.7251,20.4898,archaeological_site,,Archaeological site recorded in Wikidata.,Wikidata
Ichpich,Ichpich,ichpich,-89.51961111,19.81397222,archaeological_site,,Archaeological site recorded in Wikidata.,Wikidata
La Corona,La Corona,la-corona,-90.372222222,17.519722222,archaeological_site,,Archaeological site recorded in Wikidata.,Wikidata
Topoxte,Topoxte,topoxte,-89.48333,17.08333,archaeological_site,,Archaeological site recorded in Wikidata.,Wikidata
Topoxte,Topoxte,topoxte,-89.419616666,17.065975,archaeological_site,,Archaeological site recorded in Wikidata.,Wikidata
Xcalumkin,Xcalumkin,xcalumkin,-90.01019444,20.17213889,archaeological_site,,Archaeological site recorded in Wikidata.,Wikidata
El Baúl,El Baúl,el-baúl,-91.02222222,14.35833333,archaeological_site,,Archaeological site recorded in Wikidata.,Wikidata
El Pilar,El Pilar,el-pilar,-89.150558795,17.248157947,archaeological_site,,Archaeological site recorded in Wikidata.,Wikidata
El Rey archaeological site,El Rey archaeological site,el-rey-archaeological-site,-86.78111111,21.06083333,archaeological_site,,Archaeological site recorded in Wikidata.,Wikidata
Oxkintok,Oxkintok,oxkintok,-89.95385,20.56034167,archaeological_site,,Archaeological site recorded in Wikidata.,Wikidata
Tabasqueño,Tabasqueño,tabasqueño,-89.78377778,19.5,archaeological_site,,Archaeological site recorded in Wikidata.,Wikidata
Yaxha,Yaxha,yaxha,-89.4,17.07222222,archaeological_site,,Archaeological site recorded in Wikidata.,Wikidata
Dzibilnocac,Dzibilnocac,dzibilnocac,-89.5945,19.57797222,archaeological_site,,Archaeological site recorded in Wikidata.,Wikidata
Q1274821,Q1274821,q1274821,-89.77,19.72694444,archaeological_site,,Archaeological site recorded in Wikidata.,Wikidata
Q1456706,Q1456706,q1456706,-89.851448,18.60665,archaeological_site,,Archaeological site recorded in Wikidata.,Wikidata
Nojpetén,Nojpetén,nojpetén,-89.891666666,16.929722222,archaeological_site,,Archaeological site recorded in Wikidata.,Wikidata
El Lagartero,El Lagartero,el-lagartero,-91.88388889,15.8275,archaeological_site,,Archaeological site recorded in Wikidata.,Wikidata
Yaxuna,Yaxuna,yaxuna,-88.66341667,20.54183333,archaeological_site,,Archaeological site recorded in Wikidata.,Wikidata
Hochob,Hochob,hochob,-89.77058333,19.40894444,archaeological_site,,Archaeological site recorded in Wikidata.,Wikidata
Río Bec,Río Bec,río-bec,-89.358888888,18.373333333,archaeological_site,,Archaeological site recorded in Wikidata.,Wikidata
Sayil,Sayil,sayil,-89.65217778,20.17775833,archaeological_site,,Archaeological site recorded in Wikidata.,Wikidata
Takalik Abaj,Takalik Abaj,takalik-abaj,-91.736111111,14.645833333,archaeological_site,,Archaeological site recorded in Wikidata.,Wikidata
Labna,Labna,labna,-89.579,20.1725,archaeological_site,,Archaeological site recorded in Wikidata.,Wikidata
Xelha,Xelha,xelha,-87.366944444,20.319722222,archaeological_site,,Archaeological site recorded in Wikidata.,Wikidata
Seibal,Seibal,seibal,-90.061111111,16.511666666,archaeological_site,,Archaeological site recorded in Wikidata.,Wikidata
Tamarindito,Tamarindito,tamarindito,-90.23,16.45,archaeological_site,,Archaeological site recorded in Wikidata.,Wikidata
Xunantunich,Xunantunich,xunantunich,-89.142212,17.090194,archaeological_site,,Archaeological site recorded in Wikidata.,Wikidata
"San Andrés, El Salvador","San Andrés, El Salvador",san-andrés-el-salvador,-89.389144444,13.800616666,archaeological_site,,Archaeological site recorded in Wikidata.,Wikidata
Piedras Negras,Piedras Negras,piedras-negras,-91.2625,17.166666666,archaeological_site,,Archaeological site recorded in Wikidata.,Wikidata
Balberta,Balberta,balberta,-90.969722,14.084444,archaeological_site,,Archaeological site recorded in Wikidata.,Wikidata
Naachtun,Naachtun,naachtun,-89.728472222,17.794055555,archaeological_site,,Archaeological site recorded in Wikidata.,Wikidata
Motul de San José,Motul de San José,motul-de-san-josé,-89.9014,17.0264,archaeological_site,,Archaeological site recorded in Wikidata.,Wikidata
Zapote Bobal,Zapote Bobal,zapote-bobal,-90.306416,17.306639,archaeological_site,,Archaeological site recorded in Wikidata.,Wikidata
Arroyo de Piedra,Arroyo de Piedra,arroyo-de-piedra,-90.26,16.46,archaeological_site,,Archaeological site recorded in Wikidata.,Wikidata
Río Azul,Río Azul,río-azul,-89.28,17.779083333,archaeological_site,,Archaeological site recorded in Wikidata.,Wikidata
Quiché' Kingdom of Q'umarkaj,Quiché' Kingdom of Q'umarkaj,quiché-kingdom-of-qumarkaj,-91.171944444,15.023333333,archaeological_site,,Archaeological site recorded in Wikidata.,Wikidata
Quiché' Kingdom of Q'umarkaj,Quiché' Kingdom of Q'umarkaj,quiché-kingdom-of-qumarkaj,-91.17198889,15.02352778,archaeological_site,,Archaeological site recorded in Wikidata.,Wikidata
Nakbe,Nakbe,nakbe,-89.86855556,17.6775,archaeological_site,,Archaeological site recorded in Wikidata.,Wikidata
Cancuén,Cancuén,cancuén,-90.05,16.01667,archaeological_site,,Archaeological site recorded in Wikidata.,Wikidata
Cancuén,Cancuén,cancuén,-90.039038888,16.014183333,archaeological_site,,Archaeological site recorded in Wikidata.,Wikidata
Altar de Sacrificios,Altar de Sacrificios,altar-de-sacrificios,-90.533,16.467,archaeological_site,,Archaeological site recorded in Wikidata.,Wikidata
Zacpeten,Zacpeten,zacpeten,-89.65,16.9833,archaeological_site,,Archaeological site recorded in Wikidata.,Wikidata
Paso de la Amada,Paso de la Amada,paso-de-la-amada,-92.490722222,14.876527777,archaeological_site,,Archaeological site recorded in Wikidata.,Wikidata
Izapa,Izapa,izapa,-92.17982222,14.92340556,archaeological_site,,Archaeological site recorded in Wikidata.,Wikidata
Naranjo,Naranjo,naranjo,-89.26217,17.133598,archaeological_site,,Archaeological site recorded in Wikidata.,Wikidata
Chunchucmil,Chunchucmil,chunchucmil,-90.19021944,20.63856111,archaeological_site,,Archaeological site recorded in Wikidata.,Wikidata
Machaquila,Machaquila,machaquila,-89.86,16.32,archaeological_site,,Archaeological site recorded in Wikidata.,Wikidata
Petén Basin,Petén Basin,petén-basin,-89.9,16.9,archaeological_site,,Archaeological site recorded in Wikidata.,Wikidata
Pyramid of the Magician,Pyramid of the Magician,pyramid-of-the-magician,-89.76964,20.36082,archaeological_site,,Archaeological site recorded in Wikidata.,Wikidata
Q2400413,Q2400413,q2400413,-88.80833333,13.65,archaeological_site,,Archaeological site recorded in Wikidata.,Wikidata
Tikal Temple I,Tikal Temple I,tikal-temple-i,-89.6230584,17.2220533,archaeological_site,,Archaeological site recorded in Wikidata.,Wikidata
Tikal Temple I,Tikal Temple I,tikal-temple-i,-89.6231,17.2221,archaeological_site,,Archaeological site recorded in Wikidata.,Wikidata
Tenam Puente,Tenam Puente,tenam-puente,-92.09722222,16.13305556,archaeological_site,,Archaeological site recorded in Wikidata.,Wikidata
Xlapak,Xlapak,xlapak,-89.60833333,20.17361111,archaeological_site,,Archaeological site recorded in Wikidata.,Wikidata
Minanha,Minanha,minanha,-89.074873158,16.988373032,archaeological_site,,Archaeological site recorded in Wikidata.,Wikidata
Nebaj,Nebaj,nebaj,-91.14722222,15.40833333,archaeological_site,,Archaeological site recorded in Wikidata.,Wikidata
Punta Sur,Punta Sur,punta-sur,-86.99,20.28,archaeological_site,,Archaeological site recorded in Wikidata.,Wikidata
Punta de Chimino,Punta de Chimino,punta-de-chimino,-90.19222222,16.43222222,archaeological_site,,Archaeological site recorded in Wikidata.,Wikidata
Sacul,Sacul,sacul,-89.3,16.583333333,archaeological_site,,Archaeological site recorded in Wikidata.,Wikidata
Xaman Ha',Xaman Ha',xaman-ha,-87.078397664,20.61875174,archaeological_site,,Archaeological site recorded in Wikidata.,Wikidata
Pacbitun,Pacbitun,pacbitun,-88.995,17.092,archaeological_site,,Archaeological site recorded in Wikidata.,Wikidata
Q3361799,Q3361799,q3361799,-89.6752,13.9901,archaeological_site,,Archaeological site recorded in Wikidata.,Wikidata
"Casa Blanca, El Salvador","Casa Blanca, El Salvador",casa-blanca-el-salvador,-89.672122222,13.988894444,archaeological_site,,Archaeological site recorded in Wikidata.,Wikidata
Santa Elena Poco Uinic,Santa Elena Poco Uinic,santa-elena-poco-uinic,-91.739021,16.587477,archaeological_site,,Archaeological site recorded in Wikidata.,Wikidata
Chitinamit,Chitinamit,chitinamit,-91.089166666,15.289166666,archaeological_site,,Archaeological site recorded in Wikidata.,Wikidata
Chocolá,Chocolá,chocolá,-91.45,14.583333333,archaeological_site,,Archaeological site recorded in Wikidata.,Wikidata
El Tintal,El Tintal,el-tintal,-89.99583,17.57444,archaeological_site,,Archaeological site recorded in Wikidata.,Wikidata
El Zotz,El Zotz,el-zotz,-89.8,17.28333333,archaeological_site,,Archaeological site recorded in Wikidata.,Wikidata
Chiapa de Corzo,Chiapa de Corzo,chiapa-de-corzo,-93.0,16.7,archaeological_site,,Archaeological site recorded in Wikidata.,Wikidata
Ucanal,Ucanal,ucanal,-89.35,16.86667,archaeological_site,,Archaeological site recorded in Wikidata.,Wikidata
Bejucal,Bejucal,bejucal,-89.667,17.417,archaeological_site,,Archaeological site recorded in Wikidata.,Wikidata
Q3467062,Q3467062,q3467062,-89.67075,13.98305556,archaeological_site,,Archaeological site recorded in Wikidata.,Wikidata
Holmul,Holmul,holmul,-89.256,17.3,archaeological_site,,Archaeological site recorded in Wikidata.,Wikidata
Holmul,Holmul,holmul,-89.21667,17.3,archaeological_site,,Archaeological site recorded in Wikidata.,Wikidata
Hormiguero,Hormiguero,hormiguero,-89.485,18.40333,archaeological_site,,Archaeological site recorded in Wikidata.,Wikidata
Itzan,Itzan,itzan,-90.46667,16.56667,archaeological_site,,Archaeological site recorded in Wikidata.,Wikidata
La Amelia,La Amelia,la-amelia,-90.42277778,16.52638889,archaeological_site,,Archaeological site recorded in Wikidata.,Wikidata
La Blanca,La Blanca,la-blanca,-92.1386684,14.5951524,archaeological_site,,Archaeological site recorded in Wikidata.,Wikidata
Quelepa,Quelepa,quelepa,-88.22166667,13.52944444,archaeological_site,,Archaeological site recorded in Wikidata.,Wikidata
"Blue Creek, archeological site","Blue Creek, archeological site",blue-creek-archeological-site,-88.89345,17.86799,archaeological_site,,Archaeological site recorded in Wikidata.,Wikidata
El Chal,El Chal,el-chal,-89.65,16.63333333,archaeological_site,,Archaeological site recorded in Wikidata.,Wikidata
Baking Pot,Baking Pot,baking-pot,-89.01944444,17.20305556,archaeological_site,,Archaeological site recorded in Wikidata.,Wikidata
Q5725009,Q5725009,q5725009,-89.616,17.225,archaeological_site,,Archaeological site recorded in Wikidata.,Wikidata
Q5731519,Q5731519,q5731519,-89.66666667,13.96666667,archaeological_site,,Archaeological site recorded in Wikidata.,Wikidata
Cihuatán,Cihuatán,cihuatán,-89.165069444,13.981205555,archaeological_site,,Archaeological site recorded in Wikidata.,Wikidata
Q5823124,Q5823124,q5823124,-88.78666667,18.77138889,archaeological_site,,Archaeological site recorded in Wikidata.,Wikidata
Ichkabal,Ichkabal,ichkabal,-88.668611111,18.684444444,archaeological_site,,Archaeological site recorded in Wikidata.,Wikidata
Kukab,Kukab,kukab,-89.412083,20.926389,archaeological_site,,Archaeological site recorded in Wikidata.,Wikidata
Ciudad Vieja,Ciudad Vieja,ciudad-vieja,-89.0325,13.859444444,archaeological_site,,Archaeological site recorded in Wikidata.,Wikidata
Los Naranjos,Los Naranjos,los-naranjos,-88.02273,14.94155,archaeological_site,,Archaeological site recorded in Wikidata.,Wikidata
Marco Gonzalez,Marco Gonzalez,marco-gonzalez,-88.014886955,17.881997703,archaeological_site,,Archaeological site recorded in Wikidata.,Wikidata
Q839010,Q839010,q839010,-87.44194444,20.24063889,archaeological_site,,Archaeological site recorded in Wikidata.,Wikidata
Ka'Kabish,Ka'Kabish,kakabish,-88.72972,17.81611,archaeological_site,,Archaeological site recorded in Wikidata.,Wikidata
Kinal,Kinal,kinal,-89.24166667,17.7,archaeological_site,,Archaeological site recorded in Wikidata.,Wikidata
La Blanca,La Blanca,la-blanca,-89.44222222,16.90361111,archaeological_site,,Archaeological site recorded in Wikidata.,Wikidata
Pusilha,Pusilha,pusilha,-89.19478,16.11294,archaeological_site,,Archaeological site recorded in Wikidata.,Wikidata
Tres Islas,Tres Islas,tres-islas,-90.05,16.2,archaeological_site,,Archaeological site recorded in Wikidata.,Wikidata
Nohmul,Nohmul,nohmul,-88.58475,18.21731,archaeological_site,,Archaeological site recorded in Wikidata.,Wikidata
Nohmul,Nohmul,nohmul,-88.584731,18.217356,archaeological_site,,Archaeological site recorded in Wikidata.,Wikidata
San José Chactún,San José Chactún,san-josé-chactún,-90.00972222,20.52388889,archaeological_site,,Archaeological site recorded in Wikidata.,Wikidata
Santa Rita Corozal,Santa Rita Corozal,santa-rita-corozal,-88.395,18.40222222,archaeological_site,,Archaeological site recorded in Wikidata.,Wikidata
Santa Rita Corozal,Santa Rita Corozal,santa-rita-corozal,-88.39,18.41,archaeological_site,,Archaeological site recorded in Wikidata.,Wikidata
Yarumela,Yarumela,yarumela,-87.647633333,14.363705555,archaeological_site,,Archaeological site recorded in Wikidata.,Wikidata
Plaza of the Seven Temples,Plaza of the Seven Temples,plaza-of-the-seven-temples,-89.625775,17.21963056,archaeological_site,,Archaeological site recorded in Wikidata.,Wikidata
Pulltrouser Swamp,Pulltrouser Swamp,pulltrouser-swamp,-88.568590037,18.168853916,archaeological_site,,Archaeological site recorded in Wikidata.,Wikidata
Tayasal,Tayasal,tayasal,-89.892413,16.940251,archaeological_site,,Archaeological site recorded in Wikidata.,Wikidata
Xpuhil,Xpuhil,xpuhil,-89.40447222,18.51002778,archaeological_site,,Archaeological site recorded in Wikidata.,Wikidata
Chactún,Chactún,chactún,-89.508055555,18.455,archaeological_site,,Archaeological site recorded in Wikidata.,Wikidata
"North Acropolis, Tikal","North Acropolis, Tikal",north-acropolis-tikal,-89.6234,17.2227,archaeological_site,,Archaeological site recorded in Wikidata.,Wikidata
"Pomona, Tabasco","Pomona, Tabasco",pomona-tabasco,-91.3413,17.2905,archaeological_site,,Archaeological site recorded in Wikidata.,Wikidata
Wajxaklajun,Wajxaklajun,wajxaklajun,-91.48333333,15.83333333,archaeological_site,,Archaeological site recorded in Wikidata.,Wikidata
Bolonchén de Rejón,Bolonchén de Rejón,bolonchén-de-rejón,-89.7475,20.00417,archaeological_site,,Archaeological site recorded in Wikidata.,Wikidata
Buenavista del Cayo,Buenavista del Cayo,buenavista-del-cayo,-89.11667,17.11667,archaeological_site,,Archaeological site recorded in Wikidata.,Wikidata
Q14205918,Q14205918,q14205918,-87.23389,20.49194,archaeological_site,,Archaeological site recorded in Wikidata.,Wikidata
Chan Chich,Chan Chich,chan-chich,-89.03333,17.55,archaeological_site,,Archaeological site recorded in Wikidata.,Wikidata
Chau Hiix,Chau Hiix,chau-hiix,-88.53333,17.76667,archaeological_site,,Archaeological site recorded in Wikidata.,Wikidata
Uxbentun,Uxbentun,uxbentun,-88.94694,16.2825,archaeological_site,,Archaeological site recorded in Wikidata.,Wikidata
Xnaheb,Xnaheb,xnaheb,-88.8,16.316666666,archaeological_site,,Archaeological site recorded in Wikidata.,Wikidata
Qʼumarkaj,Qʼumarkaj,qʼumarkaj,-91.171989,15.023528,archaeological_site,,Archaeological site recorded in Wikidata.,Wikidata
Chunhuhub,Chunhuhub,chunhuhub,-89.796365792,20.157255677,archaeological_site,,Archaeological site recorded in Wikidata.,Wikidata
Kiuic,Kiuic,kiuic,-89.5638,20.0928,archaeological_site,,Archaeological site recorded in Wikidata.,Wikidata
Cerro Quiac,Cerro Quiac,cerro-quiac,-91.440715,14.838993,archaeological_site,,Archaeological site recorded in Wikidata.,Wikidata
Cerro Quiac,Cerro Quiac,cerro-quiac,-91.433333333,14.833333333,archaeological_site,,Archaeological site recorded in Wikidata.,Wikidata
Jacinto Creek,Jacinto Creek,jacinto-creek,-88.803055555,16.204166666,archaeological_site,,Archaeological site recorded in Wikidata.,Wikidata
Q21867199,Q21867199,q21867199,-88.333333333,17.633333333,archaeological_site,,Archaeological site recorded in Wikidata.,Wikidata
Q21867383,Q21867383,q21867383,-89.0,16.266666666,archaeological_site,,Archaeological site recorded in Wikidata.,Wikidata
Q21867384,Q21867384,q21867384,-89.024444444,17.091666666,archaeological_site,,Archaeological site recorded in Wikidata.,Wikidata
Actuncan,Actuncan,actuncan,-89.13663,17.10673,archaeological_site,,Archaeological site recorded in Wikidata.,Wikidata
Q21870484,Q21870484,q21870484,-89.065,17.18,archaeological_site,,Archaeological site recorded in Wikidata.,Wikidata
Q21870617,Q21870617,q21870617,-89.0,16.416666666,archaeological_site,,Archaeological site recorded in Wikidata.,Wikidata
Happy Home,Happy Home,happy-home,-88.88333,17.23333,archaeological_site,,Archaeological site recorded in Wikidata.,Wikidata
"Central Acropolis, Tikal","Central Acropolis, Tikal",central-acropolis-tikal,-89.623331,17.221454,archaeological_site,,Archaeological site recorded in Wikidata.,Wikidata
Q25185652,Q25185652,q25185652,-91.74,16.038888888,archaeological_site,,Archaeological site recorded in Wikidata.,Wikidata
Sitio Arqueológico Los Bordos,Sitio Arqueológico Los Bordos,sitio-arqueológico-los-bordos,-92.155,14.763333333,archaeological_site,,Archaeological site recorded in Wikidata.,Wikidata
Q25185740,Q25185740,q25185740,-91.875833333,15.620833333,archaeological_site,,Archaeological site recorded in Wikidata.,Wikidata
Q25185937,Q25185937,q25185937,-92.03767,15.40366,archaeological_site,,Archaeological site recorded in Wikidata.,Wikidata
Q25185942,Q25185942,q25185942,-92.023611111,15.408333333,archaeological_site,,Archaeological site recorded in Wikidata.,Wikidata
Q25186231,Q25186231,q25186231,-91.555277777,16.061111111,archaeological_site,,Archaeological site recorded in Wikidata.,Wikidata
Q25186349,Q25186349,q25186349,-90.284444444,16.456111111,archaeological_site,,Archaeological site recorded in Wikidata.,Wikidata
Q25186352,Q25186352,q25186352,-90.267777777,16.454722222,archaeological_site,,Archaeological site recorded in Wikidata.,Wikidata
Q25186360,Q25186360,q25186360,-90.25793,16.46525,archaeological_site,,Archaeological site recorded in Wikidata.,Wikidata
Q25186413,Q25186413,q25186413,-90.533333333,16.015277777,archaeological_site,,Archaeological site recorded in Wikidata.,Wikidata
Q25186423,Q25186423,q25186423,-90.639166666,16.036388888,archaeological_site,,Archaeological site recorded in Wikidata.,Wikidata
Q25186660,Q25186660,q25186660,-90.668611111,16.028611111,archaeological_site,,Archaeological site recorded in Wikidata.,Wikidata
Q25187053,Q25187053,q25187053,-91.41091,16.05704,archaeological_site,,Archaeological site recorded in Wikidata.,Wikidata
Q25187055,Q25187055,q25187055,-91.40891,16.04449,archaeological_site,,Archaeological site recorded in Wikidata.,Wikidata
Q25187062,Q25187062,q25187062,-91.41385,16.00912,archaeological_site,,Archaeological site recorded in Wikidata.,Wikidata
Q25187067,Q25187067,q25187067,-91.09961,16.04597,archaeological_site,,Archaeological site recorded in Wikidata.,Wikidata
Q25187073,Q25187073,q25187073,-91.10318,16.03502,archaeological_site,,Archaeological site recorded in Wikidata.,Wikidata
Q25187078,Q25187078,q25187078,-91.12345,16.02358,archaeological_site,,Archaeological site recorded in Wikidata.,Wikidata
Q25187294,Q25187294,q25187294,-90.44553,17.13015,archaeological_site,,Archaeological site recorded in Wikidata.,Wikidata
Q25187313,Q25187313,q25187313,-90.74903,17.25623,archaeological_site,,Archaeological site recorded in Wikidata.,Wikidata
Q25187325,Q25187325,q25187325,-90.48087,17.18109,archaeological_site,,Archaeological site recorded in Wikidata.,Wikidata
Q25187405,Q25187405,q25187405,-90.8475,13.941944444,archaeological_site,,Archaeological site recorded in Wikidata.,Wikidata
Q25187410,Q25187410,q25187410,-89.714444444,14.309166666,archaeological_site,,Archaeological site recorded in Wikidata.,Wikidata
Q25187414,Q25187414,q25187414,-92.16163,14.58262,archaeological_site,,Archaeological site recorded in Wikidata.,Wikidata
Q25187422,Q25187422,q25187422,-89.28639,16.54694,archaeological_site,,Archaeological site recorded in Wikidata.,Wikidata
Q25192986,Q25192986,q25192986,-90.501111111,16.514722222,archaeological_site,,Archaeological site recorded in Wikidata.,Wikidata
Q25173856,Q25173856,q25173856,-89.8364,17.67962,archaeological_site,,Archaeological site recorded in Wikidata.,Wikidata
Q25175545,Q25175545,q25175545,-91.748333333,16.011388888,archaeological_site,,Archaeological site recorded in Wikidata.,Wikidata
Q25177482,Q25177482,q25177482,-90.4975,17.164722222,archaeological_site,,Archaeological site recorded in Wikidata.,Wikidata
Q25177893,Q25177893,q25177893,-89.73283,17.79197,archaeological_site,,Archaeological site recorded in Wikidata.,Wikidata
Q25178204,Q25178204,q25178204,-89.41,16.33667,archaeological_site,,Archaeological site recorded in Wikidata.,Wikidata
Pueblo Viejo,Pueblo Viejo,pueblo-viejo,-91.282777777,15.345,archaeological_site,,Archaeological site recorded in Wikidata.,Wikidata
Q25179903,Q25179903,q25179903,-91.297222222,17.181388888,archaeological_site,,Archaeological site recorded in Wikidata.,Wikidata
Q25180195,Q25180195,q25180195,-89.409722222,16.542222222,archaeological_site,,Archaeological site recorded in Wikidata.,Wikidata
Q25180366,Q25180366,q25180366,-90.811111111,17.2225,archaeological_site,,Archaeological site recorded in Wikidata.,Wikidata
Q25181624,Q25181624,q25181624,-90.17056,13.84333,archaeological_site,,Archaeological site recorded in Wikidata.,Wikidata
Q25181642,Q25181642,q25181642,-90.155,13.785277777,archaeological_site,,Archaeological site recorded in Wikidata.,Wikidata
Q25181648,Q25181648,q25181648,-90.130277777,13.7925,archaeological_site,,Archaeological site recorded in Wikidata.,Wikidata
Q25181664,Q25181664,q25181664,-90.269166666,13.814722222,archaeological_site,,Archaeological site recorded in Wikidata.,Wikidata
Q25181723,Q25181723,q25181723,-92.166666666,14.5175,archaeological_site,,Archaeological site recorded in Wikidata.,Wikidata
Q25181726,Q25181726,q25181726,-92.0434,14.58099,archaeological_site,,Archaeological site recorded in Wikidata.,Wikidata
Q25181727,Q25181727,q25181727,-92.00898,14.61471,archaeological_site,,Archaeological site recorded in Wikidata.,Wikidata
Q25181755,Q25181755,q25181755,-89.3175,16.175,archaeological_site,,Archaeological site recorded in Wikidata.,Wikidata
Q25181756,Q25181756,q25181756,-89.44417,16.19861,archaeological_site,,Archaeological site recorded in Wikidata.,Wikidata
Q25181759,Q25181759,q25181759,-89.265,16.27,archaeological_site,,Archaeological site recorded in Wikidata.,Wikidata
Q25181760,Q25181760,q25181760,-89.313333333,16.303611111,archaeological_site,,Archaeological site recorded in Wikidata.,Wikidata
Q25181809,Q25181809,q25181809,-91.17111,15.02389,archaeological_site,,Archaeological site recorded in Wikidata.,Wikidata
Q25181910,Q25181910,q25181910,-90.52864,16.47376,archaeological_site,,Archaeological site recorded in Wikidata.,Wikidata
Belejtzak,Belejtzak,belejtzak,-90.633333333,15.116666666,archaeological_site,,Archaeological site recorded in Wikidata.,Wikidata
Q25185634,Q25185634,q25185634,-89.936666666,17.809444444,archaeological_site,,Archaeological site recorded in Wikidata.,Wikidata
Q25185647,Q25185647,q25185647,-91.665833333,16.008611111,archaeological_site,,Archaeological site recorded in Wikidata.,Wikidata
Q25185648,Q25185648,q25185648,-91.650555555,16.005277777,archaeological_site,,Archaeological site recorded in Wikidata.,Wikidata
Q25185649,Q25185649,q25185649,-91.553333333,16.005833333,archaeological_site,,Archaeological site recorded in Wikidata.,Wikidata
Q25185650,Q25185650,q25185650,-91.554722222,16.053888888,archaeological_site,,Archaeological site recorded in Wikidata.,Wikidata
Q25185651,Q25185651,q25185651,-91.742777777,16.027777777,archaeological_site,,Archaeological site recorded in Wikidata.,Wikidata
Q27882576,Q27882576,q27882576,-88.232142,18.586681,archaeological_site,,Archaeological site recorded in Wikidata.,Wikidata
Chan Hol,Chan Hol,chan-hol,-87.566667,20.15,archaeological_site,,Archaeological site recorded in Wikidata.,Wikidata
Q60967482,Q60967482,q60967482,-92.16667,14.5,archaeological_site,,Archaeological site recorded in Wikidata.,Wikidata
Tenampúa,Tenampúa,tenampúa,-87.550002777,14.233341666,archaeological_site,,Archaeological site recorded in Wikidata.,Wikidata
Buenavista del Cayo Site,Buenavista del Cayo Site,buenavista-del-cayo-site,-89.129848133,17.143172121,archaeological_site,,Archaeological site recorded in Wikidata.,Wikidata
Ixtutz,Ixtutz,ixtutz,-89.282,16.2856,archaeological_site,,Archaeological site recorded in Wikidata.,Wikidata
San Bartolo,San Bartolo,san-bartolo,-89.40889,17.55167,archaeological_site,,Archaeological site recorded in Wikidata.,Wikidata
Ixkun,Ixkun,ixkun,-89.41111111,16.57361111,archaeological_site,,Archaeological site recorded in Wikidata.,Wikidata
El Puente,El Puente,el-puente,-88.792166666,15.110277777,archaeological_site,,Archaeological site recorded in Wikidata.,Wikidata
San Estevan,San Estevan,san-estevan,-88.51423056,18.13944167,archaeological_site,,Archaeological site recorded in Wikidata.,Wikidata
San Estevan,San Estevan,san-estevan,-88.505,18.1425,archaeological_site,,Archaeological site recorded in Wikidata.,Wikidata
Ujuxte,Ujuxte,ujuxte,-92.0353,14.5385,archaeological_site,,Archaeological site recorded in Wikidata.,Wikidata
Barton Creek Cave,Barton Creek Cave,barton-creek-cave,-88.92805556,17.11277778,archaeological_site,,Archaeological site recorded in Wikidata.,Wikidata
Chamá,Chamá,chamá,-90.366282,15.74166,archaeological_site,,Archaeological site recorded in Wikidata.,Wikidata
Ixtonton,Ixtonton,ixtonton,-89.39024722,16.50436944,archaeological_site,,Archaeological site recorded in Wikidata.,Wikidata
"Tipu, Belize","Tipu, Belize",tipu-belize,-89.080302775,17.079512443,archaeological_site,,Archaeological site recorded in Wikidata.,Wikidata
Chutixtiox,Chutixtiox,chutixtiox,-91.1227,15.2745,archaeological_site,,Archaeological site recorded in Wikidata.,Wikidata
Curucuitz,Curucuitz,curucuitz,-89.26,16.2831,archaeological_site,,Archaeological site recorded in Wikidata.,Wikidata
Ixcol,Ixcol,ixcol,-89.2457,16.3058,archaeological_site,,Archaeological site recorded in Wikidata.,Wikidata
Ixec,Ixec,ixec,-89.263,16.3021,archaeological_site,,Archaeological site recorded in Wikidata.,Wikidata
Santa Isabel,Santa Isabel,santa-isabel,-90.444246111,14.468748055,archaeological_site,,Archaeological site recorded in Wikidata.,Wikidata
Barton Ramie,Barton Ramie,barton-ramie,-88.972122068,17.210252693,archaeological_site,,Archaeological site recorded in Wikidata.,Wikidata
Blackman Eddy,Blackman Eddy,blackman-eddy,-88.915452503,17.210532503,archaeological_site,,Archaeological site recorded in Wikidata.,Wikidata
Las Ruinas de Arenal,Las Ruinas de Arenal,las-ruinas-de-arenal,-89.135582483,17.043253677,archaeological_site,,Archaeological site recorded in Wikidata.,Wikidata
Q109042466,Q109042466,q109042466,-92.1,14.5,archaeological_site,,Archaeological site recorded in Wikidata.,Wikidata
Rio Amarillo,Rio Amarillo,rio-amarillo,-89.003055555,14.889444444,archaeological_site,,Archaeological site recorded in Wikidata.,Wikidata
Ocomtún,Ocomtún,ocomtún,-89.873978,18.838111,archaeological_site,,Archaeological site recorded in Wikidata.,Wikidata
Q123092050,Q123092050,q123092050,-86.778888299,21.071038369,archaeological_site,,Archaeological site recorded in Wikidata.,Wikidata
Noh Kah,Noh Kah,noh-kah,-88.4,18.55,archaeological_site,,Archaeological site recorded in Wikidata.,Wikidata
Valeriana,Valeriana,valeriana,-89.3175,18.9025,archaeological_site,,Archaeological site recorded in Wikidata.,Wikidata
La Milpa,La Milpa,la-milpa,-88.98333,17.8,archaeological_site,,Archaeological site recorded in Wikidata.,Wikidata
Guinea Grass,Guinea Grass,guinea-grass,-88.63437,17.89474,archaeological_site,,Archaeological site recorded in Wikidata.,Wikidata
Graciela,Graciela,graciela,-90.466666666,14.516666666,archaeological_site,,Archaeological site recorded in Wikidata.,Wikidata
